UF,Classe,month,seasonal_factor,var
AC,Comercial,1,0.9802077068385697,67146844.16999999
AC,Comercial,2,0.9551210917315396,67671372.74333331
AC,Comercial,3,0.9740366451787786,63960077.96333333
AC,Comercial,4,0.9756122353897891,66499729.21333333
AC,Comercial,5,1.0301310450567975,74366006.89000002
AC,Comercial,6,0.9621307739875137,66059468.24333334
AC,Comercial,7,0.9117500063531861,54280619.70333333
AC,Comercial,8,1.0082083167444578,67685934.84333332
AC,Comercial,9,1.0413677139541384,71596752.02333333
AC,Comercial,10,1.053226995112282,70574554.70333333
AC,Comercial,11,1.0695885676529635,75832490.02333334
AC,Comercial,12,1.038618901999983,71237555.18999998
AC,Industrial,1,0.9354257726637817,2106249.903333333
AC,Industrial,2,0.9229086735412058,1900621.6633333333
AC,Industrial,3,0.9869234572891892,2119895.68
AC,Industrial,4,0.9776330844110143,2050131.3699999999
AC,Industrial,5,1.0169385081263693,2316508.3899999997
AC,Industrial,6,0.973323564124868,2086845.3233333332
AC,Industrial,7,1.0046163119313076,2386790.013333333
AC,Industrial,8,1.0625241372838472,2359384.343333333
AC,Industrial,9,1.027658169139648,2417127.19
AC,Industrial,10,1.0446796914758845,2452671.4899999998
AC,Industrial,11,1.0157690905612844,2376468.8400000003
AC,Industrial,12,1.031599539451601,2676991.373333333
AC,Outros,1,0.9670816940169845,82735421.90333334
AC,Outros,2,0.8800942448815389,71600087.44333333
AC,Outros,3,0.9314524487687588,80923626.83999999
AC,Outros,4,0.9903546518997135,91345029.16333334
AC,Outros,5,1.0408124593836015,98193816.91
AC,Outros,6,0.9905225224155888,88223610.52333334
AC,Outros,7,0.9592273886681466,79508600.28999999
AC,Outros,8,0.9842095736216071,84324282.28
AC,Outros,9,1.0545015369054427,100668626.55999999
AC,Outros,10,1.0878975955939925,109530402.94333333
AC,Outros,11,1.071507328862156,108516441.01333334
AC,Outros,12,1.0423385549824689,102415483.96000001
AC,Residencial,1,0.9961700198080428,1512098526.6450002
AC,Residencial,2,1.0021976722070427,1519867951.22
AC,Residencial,3,0.9564483993524114,1385879628.125
AC,Residencial,4,0.9612165942227313,1402497314.42
AC,Residencial,5,1.0360847338903088,1628880549.12
AC,Residencial,6,0.9564170868724166,1389103527.8449998
AC,Residencial,7,0.8585133994219947,1116692362.8449998
AC,Residencial,8,0.9936197922706882,1495426953.845
AC,Residencial,9,1.0419210322448957,1648097578.1249998
AC,Residencial,10,1.05171314057216,1683682420.5
AC,Residencial,11,1.0916991775255254,1813802358.08
AC,Residencial,12,1.053998951611781,1685226345.68
AC,Rural,1,1.0303578442147139,3201858.72
AC,Rural,2,0.9929987784796215,3270355.3199999994
AC,Rural,3,0.991939406823939,2894945.8533333335
AC,Rural,4,0.9831185163031532,2784418.3633333333
AC,Rural,5,1.0247799281500993,3145548.6900000004
AC,Rural,6,0.94744579728527,2690764.463333334
AC,Rural,7,0.9275987936135023,2497079.9033333333
AC,Rural,8,1.0099703448002508,2937209.6633333336
AC,Rural,9,1.0361735784061141,3100604.463333334
AC,Rural,10,1.0116566915174598,2827798.773333334
AC,Rural,11,1.0518911946036904,3233278.83
AC,Rural,12,0.9920691258021856,2780343.773333333
AL,Comercial,1,1.0511241772707327,262876399.24500006
AL,Comercial,2,1.0003826239578761,293333264.7199999
AL,Comercial,3,1.054176978206816,247099788.18000004
AL,Comercial,4,1.0588971771244697,301690135.2200001
AL,Comercial,5,1.0221301740529471,278673553.62000006
AL,Comercial,6,0.9141073570279361,219662896.0049999
AL,Comercial,7,0.903054556091853,166642593.6049999
AL,Comercial,8,0.9143811613280679,169292880.24500003
AL,Comercial,9,0.9289922480620155,180272072.0
AL,Comercial,10,1.0115149919555362,190015815.6800001
AL,Comercial,11,1.0413526400468043,216740364.02000016
AL,Comercial,12,1.0998859148749451,253111500.17999986
AL,Industrial,1,1.1832955505341514,6077762777.204999
AL,Industrial,2,1.1982882075483356,6240511621.125
AL,Industrial,3,1.3328537154583224,7785223849.28
AL,Industrial,4,1.0758743304414586,4780610871.125001
AL,Industrial,5,1.271555871721303,6999610057.445002
AL,Industrial,6,1.085115081576637,5022344909.120001
AL,Industrial,7,1.0157802627143857,4311359796.9800005
AL,Industrial,8,0.9730213350478795,3907235800.125
AL,Industrial,9,0.8605601401981207,2971418632.0200005
AL,Industrial,10,0.6559507529939502,1609146450.0
AL,Industrial,11,0.6873197396060886,1822063197.7800004
AL,Industrial,12,0.6603850121593656,1649297717.7800002
AL,Outros,1,1.0095890086333321,1075654238.42
AL,Outros,2,0.9531838981730651,981050089.68
AL,Outros,3,1.0456887144326175,908935566.125
AL,Outros,4,1.0492270481291857,935895500.8199999
AL,Outros,5,1.040820203465842,926134722.0
AL,Outros,6,0.9515771186200342,727474739.22
AL,Outros,7,0.9187733310334941,630991497.6800002
AL,Outros,8,0.9636839073024945,707854175.405
AL,Outros,9,0.956024510380938,727314544.08
AL,Outros,10,1.0186718195496431,823916121.1249999
AL,Outros,11,1.0244260793996176,897616924.0199999
AL,Outros,12,1.068334360879735,957915204.02
AL,Residencial,1,1.0684233313211497,
AL,Residencial,2,1.0351488764736712,
AL,Residencial,3,1.041472301126697,
AL,Residencial,4,1.064118857732186,
AL,Residencial,5,1.0966181795818553,
AL,Residencial,6,0.9290796552032897,
AL,Residencial,7,0.8866188637637298,
AL,Residencial,8,0.8585075922110333,
AL,Residencial,9,0.9052553771437643,
AL,Residencial,10,0.9555887667259824,
AL,Residencial,11,1.0277575272183073,
AL,Residencial,12,1.1314106714983352,
AL,Rural,1,1.4856325956559409,25690828.80500001
AL,Rural,2,1.0290235896576734,12382776.125000007
AL,Rural,3,0.9796883369963693,41513360.805
AL,Rural,4,1.0588958867449536,47734266.32
AL,Rural,5,0.7169814232272486,28140752.205
AL,Rural,6,0.4349834998049075,15338044.979999999
AL,Rural,7,0.429772215743633,14537910.419999996
AL,Rural,8,0.4215254248497127,12180567.245000001
AL,Rural,9,0.6286012199342638,3230627.8050000006
AL,Rural,10,1.2011546829912418,12162805.205
AL,Rural,11,1.6802290848729475,16435937.780000003
AL,Rural,12,1.9335120395211087,50213226.84499999
AM,Comercial,1,0.9300699786796899,1043778103.0
AM,Comercial,2,0.8970021479194574,1018657623.0
AM,Comercial,3,0.9338302445198925,1087480001.3333335
AM,Comercial,4,0.9510361088133547,1126027546.3333335
AM,Comercial,5,1.009161344864374,1277804324.3333333
AM,Comercial,6,0.980661442677627,1214174910.3333333
AM,Comercial,7,1.0333448855584937,1298214139.0
AM,Comercial,8,1.0644928622805947,1451119370.3333333
AM,Comercial,9,1.0724662147065451,1475708909.6699998
AM,Comercial,10,1.07184788930254,1484117616.3333335
AM,Comercial,11,1.0378333718959187,1280766427.0
AM,Comercial,12,1.0182535087815117,1248912245.053333
AM,Industrial,1,0.9899434374853919,8853859401.333332
AM,Industrial,2,0.9481149142858767,8015589597.0
AM,Industrial,3,0.9926500497546616,8734809709.0
AM,Industrial,4,0.9922523223792156,8596888184.333332
AM,Industrial,5,1.0227327021520407,9414258261.333332
AM,Industrial,6,0.9687244237408119,8597952048.0
AM,Industrial,7,1.0255064631989832,9810272216.333332
AM,Industrial,8,1.0586418023351762,10752170644.333332
AM,Industrial,9,1.027128880973368,10079465087.323334
AM,Industrial,10,1.080521973275303,11323901016.333332
AM,Industrial,11,1.0119424101090935,9888907527.0
AM,Industrial,12,0.8818406203100776,7328856586.23
AM,Outros,1,0.9111383270630694,251611012.33333334
AM,Outros,2,0.9174652682192826,277825107.0
AM,Outros,3,0.9720909962315696,293240600.3333333
AM,Outros,4,1.025329030830412,344213992.3333333
AM,Outros,5,1.082683105214895,418361457.0
AM,Outros,6,0.9535452969688406,230594370.33333334
AM,Outros,7,1.0050663549713872,292047553.0
AM,Outros,8,1.0362071359781764,309910057.3333333
AM,Outros,9,1.0366210919794752,315938475.73
AM,Outros,10,1.0418872708823603,299643350.3333333
AM,Outros,11,1.009382316689473,261225396.3333333
AM,Outros,12,1.008583804971059,309723378.37
AM,Residencial,1,0.9354409498055015,5158435592.0
AM,Residencial,2,0.9199695051739137,5072359920.5
AM,Residencial,3,0.902866462065888,5211694512.5
AM,Residencial,4,0.9237986766660414,5360990604.5
AM,Residencial,5,0.9985382675799392,6589979208.0
AM,Residencial,6,0.9934577617549337,6729972144.5
AM,Residencial,7,1.0192449766996092,6944193400.5
AM,Residencial,8,1.0495025061691592,8271809442.0
AM,Residencial,9,1.1147399151701443,8948009088.0
AM,Residencial,10,1.0531724973221224,7629336338.0
AM,Residencial,11,1.0505283350215537,6891849608.0
AM,Residencial,12,1.0387401465711927,7217530658.0
AM,Rural,1,1.3498390421070434,668168.0
AM,Rural,2,1.2829691356432154,733260.5
AM,Rural,3,1.2694174270243,547058.0
AM,Rural,4,1.2587537874553174,691488.0
AM,Rural,5,1.2980759583659407,676284.5
AM,Rural,6,0.8388729794266288,3020583.0
AM,Rural,7,0.8874517819075494,3304112.333333333
AM,Rural,8,0.8483517701546133,2975449.333333333
AM,Rural,9,0.870878708744089,3254070.2633333337
AM,Rural,10,0.8708638981335765,3074979.0
AM,Rural,11,0.8756032934975687,3110662.3333333335
AM,Rural,12,0.835274001072097,2779879.9299999997
AP,Comercial,1,0.9407047418932767,70289129.76999998
AP,Comercial,2,0.9526274742344457,78849781.94333333
AP,Comercial,3,0.8738051808261736,56135546.62333333
AP,Comercial,4,0.9636994115334292,74351597.17
AP,Comercial,5,0.9992781132975397,77176056.81333336
AP,Comercial,6,0.9526661467363631,69145405.02999999
AP,Comercial,7,1.020818696865594,80281723.44333333
AP,Comercial,8,1.0706211448349652,89077165.50999998
AP,Comercial,9,1.0546726050441833,92484095.30333336
AP,Comercial,10,1.1199556555311347,95492929.33333333
AP,Comercial,11,1.1003486970589562,94905633.33333333
AP,Comercial,12,0.9508021321439392,61089364.333333336
AP,Industrial,1,0.9517290054755951,1985196.4299999997
AP,Industrial,2,1.0321439819681026,1440671.1233333338
AP,Industrial,3,0.9208334440089099,1149726.923333333
AP,Industrial,4,0.9078331745929354,830172.7233333333
AP,Industrial,5,1.0315292581953683,1113797.0233333327
AP,Industrial,6,1.040044320825096,1133108.1300000001
AP,Industrial,7,1.0398621804479895,1180578.1033333335
AP,Industrial,8,1.0489919668504515,1036436.52
AP,Industrial,9,0.980734860529801,1025254.1033333333
AP,Industrial,10,1.0630167758876499,1087776.3333333335
AP,Industrial,11,1.2155593417143207,1610032.3333333333
AP,Industrial,12,0.7677216895037814,515725.0
AP,Outros,1,0.8830008582253573,42026997.96333332
AP,Outros,2,0.9711175768739665,55522463.13000001
AP,Outros,3,0.8333724070081426,37349555.123333335
AP,Outros,4,0.9975488246499069,57097319.53
AP,Outros,5,0.9635128629141984,51933756.84333334
AP,Outros,6,1.0187176857220606,59753011.90333334
AP,Outros,7,0.7164193163502397,28000169.773333337
AP,Outros,8,1.079643313168526,73195981.65333332
AP,Outros,9,1.173637828899169,82189975.57000002
AP,Outros,10,1.2372888451635862,92505320.33333333
AP,Outros,11,1.1226215644820297,72719769.0
AP,Outros,12,1.0031189165428172,54031280.33333333
AP,Residencial,1,0.9717972240500127,2094753428.4799995
AP,Residencial,2,0.874586886894442,1689327563.22
AP,Residencial,3,0.895908076376716,1766955070.445
AP,Residencial,4,0.9402002502330656,1950119906.8050003
AP,Residencial,5,0.9316720579100685,1905765626.8799996
AP,Residencial,6,0.9531604946408242,1999010127.0049999
AP,Residencial,7,1.0013007725618135,2195114288.72
AP,Residencial,8,1.0297058751619768,2330157511.125
AP,Residencial,9,1.0669424828917051,2488319676.045
AP,Residencial,10,1.0926772989144167,2611837812.5
AP,Residencial,11,1.1512705298655044,2919931780.5
AP,Residencial,12,1.0907780504994564,2643444760.5
AP,Rural,1,0.9628351991668835,114576.845
AP,Rural,2,0.8909789117417338,99235.12499999999
AP,Rural,3,0.8849258005727675,98745.68000000001
AP,Rural,4,0.9128482166102577,104470.20500000002
AP,Rural,5,0.9458474355636552,113573.78
AP,Rural,6,1.1383754230669096,165312.5
AP,Rural,7,0.9552199947930227,116065.62000000001
AP,Rural,8,1.0471882322311896,140291.04499999998
AP,Rural,9,1.0223900026034887,133954.88
AP,Rural,10,1.0954178599323092,152904.5
AP,Rural,11,1.1871908357198646,174050.0
AP,Rural,12,0.9567820879979172,116162.0
BA,Comercial,1,1.0635436293600673,1520264940.5
BA,Comercial,2,1.1035865985542288,2075676880.5
BA,Comercial,3,1.0289117880241803,1559946368.0
BA,Comercial,4,1.0845993652230934,1112221448.0
BA,Comercial,5,1.0737210356427285,973375442.0
BA,Comercial,6,0.9866539012092743,476879844.5
BA,Comercial,7,0.9001194684820752,431974224.5
BA,Comercial,8,0.9206580787121287,373300488.0
BA,Comercial,9,0.9194182232788568,177472800.0
BA,Comercial,10,0.9150257706132455,157886450.0
BA,Comercial,11,0.9880837847365904,234144800.0
BA,Comercial,12,1.01567835616353,386920562.0
BA,Industrial,1,0.9853473128207301,279906333679.84503
BA,Industrial,2,0.979940984476401,278099795893.205
BA,Industrial,3,0.983156783449527,280147682214.72003
BA,Industrial,4,0.9923064513532875,286068059525.12006
BA,Industrial,5,1.0194161000182338,303954817423.68
BA,Industrial,6,1.0154765009517708,303908349938.0
BA,Industrial,7,1.014895299538226,300329627744.20496
BA,Industrial,8,1.0351326358702446,310497452921.645
BA,Industrial,9,1.029215660163,305664101437.52
BA,Industrial,10,0.9712279318683466,271510362860.18002
BA,Industrial,11,0.9962898982716379,289508526032.44495
BA,Industrial,12,0.9775944412185956,281663251690.32
BA,Outros,1,1.0026738581010428,6709221122.0
BA,Outros,2,1.001551949334825,6981341815.220001
BA,Outros,3,1.0013897898597863,8544904992.0
BA,Outros,4,1.0419369961522589,7983677522.0
BA,Outros,5,1.0317048066526475,8212108324.5
BA,Outros,6,0.9795899798896569,7170989282.0
BA,Outros,7,0.9288766218928376,6534874164.5
BA,Outros,8,0.9683452108626547,7145503512.5
BA,Outros,9,0.98798411742107,7687008032.0
BA,Outros,10,0.9828771945872732,7567698338.0
BA,Outros,11,1.0316644502222079,8415974322.0
BA,Outros,12,1.0414050250237383,9267458224.5
BA,Residencial,1,1.1124384971805799,
BA,Residencial,2,1.1959301353316723,
BA,Residencial,3,1.142491481357884,
BA,Residencial,4,1.1340846569024172,
BA,Residencial,5,1.1525005286490513,
BA,Residencial,6,0.9918470016342773,
BA,Residencial,7,0.5014044919390649,192745366320.5
BA,Residencial,8,1.005646791864346,
BA,Residencial,9,1.0046534783119707,
BA,Residencial,10,0.9960706031618556,
BA,Residencial,11,1.106226653404264,
BA,Residencial,12,1.1553011883235527,
BA,Rural,1,0.8103987725844773,16212962592.0
BA,Rural,2,0.5039382401052312,5842480704.5
BA,Rural,3,1.040900809641683,27767346482.0
BA,Rural,4,1.0946795428278986,30188913480.5
BA,Rural,5,0.8335597905103693,16744500000.0
BA,Rural,6,1.119139032722974,32045499122.0
BA,Rural,7,0.9945533964875699,25252235912.0
BA,Rural,8,1.033977035656167,27675751180.5
BA,Rural,9,1.1252042079796813,31857928200.0
BA,Rural,10,1.1103711747681941,30737369740.5
BA,Rural,11,1.2944623554154635,41831624258.0
BA,Rural,12,1.0388156413002907,26478757812.5
CE,Comercial,1,1.0425698973090471,82504719.67999998
CE,Comercial,2,1.0175759875571546,99333103.00500003
CE,Comercial,3,0.9481747994902932,97977601.27999991
CE,Comercial,4,0.9562036204182596,347050588.8199999
CE,Comercial,5,1.006479555505584,243646190.0450001
CE,Comercial,6,1.001411063638408,606209236.0199999
CE,Comercial,7,0.9687715501086875,367717368.60499984
CE,Comercial,8,0.9926106551233042,666055651.8049995
CE,Comercial,9,0.9932332658721236,741063401.2799997
CE,Comercial,10,1.00514485420883,710780726.4799994
CE,Comercial,11,1.046821358968593,869073909.6050003
CE,Comercial,12,1.021003391799715,877524292.4450004
CE,Industrial,1,0.8596823306035895,12804400378.125
CE,Industrial,2,0.9721225954722594,17241167956.820004
CE,Industrial,3,0.9245463619421893,16120501770.42
CE,Industrial,4,1.0154697561743107,21216269635.280003
CE,Industrial,5,1.0881379312938644,24144240156.480003
CE,Industrial,6,1.0963979958708034,24132858634.580006
CE,Industrial,7,0.9869088883451642,18703772073.045
CE,Industrial,8,1.0403201558572137,20947360562.000004
CE,Industrial,9,1.0448981689828014,22035743305.204998
CE,Industrial,10,1.033288277549202,21406929304.004997
CE,Industrial,11,0.9948145800210995,18999066873.605
CE,Industrial,12,0.9434129578875029,17306054737.445
CE,Outros,1,0.9254015464098775,6672550720.5
CE,Outros,2,0.9411211115771877,6886133219.044999
CE,Outros,3,0.906248841874263,6702828387.919999
CE,Outros,4,0.9829747938595496,7667033514.320002
CE,Outros,5,1.009790224978593,8045550045.245001
CE,Outros,6,1.0082871589864997,7552143550.125003
CE,Outros,7,0.9817443799897593,7087439399.445002
CE,Outros,8,0.9415481189613051,5356808121.780001
CE,Outros,9,1.0248335369701675,5832723622.445001
CE,Outros,10,1.0892098028032458,4783427393.045001
CE,Outros,11,1.1189023147859425,5004060824.18
CE,Outros,12,1.0699381688036103,4376839716.605
CE,Residencial,1,1.937544527964267,
CE,Residencial,2,1.7306131241122125,
CE,Residencial,3,1.7198104938224315,
CE,Residencial,4,0.8305262908019286,110819870133.845
CE,Residencial,5,0.9110013001056776,133336907091.04501
CE,Residencial,6,0.8481789952596238,115558646705.78
CE,Residencial,7,0.8373550207787086,112646833365.60501
CE,Residencial,8,0.8560206041247762,117726114424.82
CE,Residencial,9,0.8461832251894315,115036761868.01999
CE,Residencial,10,0.8799504411569629,124401019280.18
CE,Residencial,11,0.9079949443246728,132456192086.48001
CE,Residencial,12,0.8888051053087614,126915734362.805
CE,Rural,1,1.1163356443685215,3992712032.72
CE,Rural,2,0.9567517983982811,2780267880.5000005
CE,Rural,3,0.8802422422500759,2343221498.8800006
CE,Rural,4,0.8175787737296619,1976299589.045
CE,Rural,5,0.8904392681082175,2419748961.1250005
CE,Rural,6,0.9479041651737076,2679339604.4999995
CE,Rural,7,0.9503167495177346,2812800008.0
CE,Rural,8,0.9883825902636905,3024980871.125
CE,Rural,9,1.0469486900997398,3459331431.125
CE,Rural,10,1.0794951013246294,3674224936.805
CE,Rural,11,1.2002651830428188,4631790628.125
CE,Rural,12,1.1253397937229206,4003621541.1200004
DF,Comercial,1,0.9066031708144188,78012540.5
DF,Comercial,2,1.0114353662388167,492980000.0
DF,Comercial,3,1.0334706780443006,735783160.5
DF,Comercial,4,1.0147537619400389,153685512.0
DF,Comercial,5,0.9795787675070844,80899200.0
DF,Comercial,6,0.9523912097444399,63506450.0
DF,Comercial,7,0.9064809141306894,60544008.0
DF,Comercial,8,0.9714981828872662,164275938.0
DF,Comercial,9,1.0062656550411233,134152200.0
DF,Comercial,10,1.0258209026909568,87662040.5
DF,Comercial,11,1.1374121462015285,241230612.5
DF,Comercial,12,1.0542892447593362,72589200.5
DF,Industrial,1,0.8594981093386909,1322625312.0
DF,Industrial,2,0.8360052140182225,715932800.0
DF,Industrial,3,0.9488386884127223,928158612.5
DF,Industrial,4,0.9287643869967552,907933884.5
DF,Industrial,5,0.9528535486959157,964263612.5
DF,Industrial,6,1.0278439835894242,1145098368.0
DF,Industrial,7,1.034045153927822,1182146688.0
DF,Industrial,8,1.0737962458406278,1289304200.0
DF,Industrial,9,1.0762409379932654,1307803224.5
DF,Industrial,10,1.086814728442072,1313640024.5
DF,Industrial,11,1.120901289757303,1449588168.0
DF,Industrial,12,1.0543977129871787,1257812168.0
DF,Outros,1,1.0560735266167343,2110810338.0
DF,Outros,2,1.0711984652379973,2218912344.5
DF,Outros,3,1.0790897375621344,2335792900.5
DF,Outros,4,1.1013230841896635,2270503884.5
DF,Outros,5,1.0799665455981495,2204812012.5
DF,Outros,6,0.9964088274040784,1730837448.0
DF,Outros,7,0.9054243363811401,1420951395.125
DF,Outros,8,0.9023085363960145,1344159400.5
DF,Outros,9,0.9425999532890956,1478537820.5
DF,Outros,10,0.9715659330503134,1694551328.0
DF,Outros,11,0.9756472656941462,1630262100.5
DF,Outros,12,0.9183937885805321,1408637042.0
DF,Residencial,1,0.9220396006201894,
DF,Residencial,2,1.0060008641983866,
DF,Residencial,3,1.0826233735624615,
DF,Residencial,4,0.982833877501034,
DF,Residencial,5,0.997127811244284,
DF,Residencial,6,0.9311252371346509,
DF,Residencial,7,0.9002728925921561,
DF,Residencial,8,0.9989301501255861,
DF,Residencial,9,1.0494557167647556,
DF,Residencial,10,1.043022753373031,
DF,Residencial,11,1.018131991284074,
DF,Residencial,12,1.0684357315993909,
DF,Rural,1,0.643044230294045,15103008.0
DF,Rural,2,0.7066963182604399,19071488.0
DF,Rural,3,0.8930071658018285,33366280.5
DF,Rural,4,1.047393130714109,46070400.5
DF,Rural,5,0.9179145045712874,34089024.5
DF,Rural,6,1.0070669631826044,42753504.5
DF,Rural,7,1.3339263652087967,79153362.0
DF,Rural,8,1.1882382011366444,61073352.0
DF,Rural,9,1.15156906350383,57170124.5
DF,Rural,10,1.0852483320978503,50561568.0
DF,Rural,11,1.0917716827279467,50360648.0
DF,Rural,12,0.9341240425006178,35003344.5
ES,Comercial,1,1.0886262810454923,642302976.9799998
ES,Comercial,2,1.0955277247166828,873778847.2199996
ES,Comercial,3,1.1039064940948657,645942435.9200003
ES,Comercial,4,1.0266983424880731,611782710.125
ES,Comercial,5,0.9436726377551147,194385959.6450002
ES,Comercial,6,0.9109910829570652,255323503.125
ES,Comercial,7,0.8813916961077091,135605746.125
ES,Comercial,8,0.913780895923743,177064207.4449999
ES,Comercial,9,0.9097252480881268,178886721.0050003
ES,Comercial,10,0.9690365058845295,133762639.21999983
ES,Comercial,11,1.0276811528531458,313077766.8049996
ES,Comercial,12,1.1289619380854525,354711612.5
ES,Industrial,1,0.9715701204844641,63800135029.619995
ES,Industrial,2,0.934703631047435,58343059621.125
ES,Industrial,3,1.017322818197952,70511578215.125
ES,Industrial,4,0.9999787002059747,68692972233.60499
ES,Industrial,5,1.079749553896785,82356624230.72
ES,Industrial,6,0.9672891086011528,64715067847.99999
ES,Industrial,7,1.0153799315807852,72163752550.57999
ES,Industrial,8,1.0432516578065554,76881674426.445
ES,Industrial,9,1.000485454378884,70757840442.245
ES,Industrial,10,0.9644750686322129,64304223924.020004
ES,Industrial,11,0.9898233860553949,68474903264.645
ES,Industrial,12,1.015970569112404,72257011250.0
ES,Outros,1,1.954639385196466,
ES,Outros,2,1.0113687704923005,2318614323.9199996
ES,Outros,3,1.10976130047089,2793400038.005
ES,Outros,4,0.987074501864576,2205157332.02
ES,Outros,5,0.9218346699235394,1861219869.62
ES,Outros,6,0.9097320577879808,1829187370.125
ES,Outros,7,0.8720158364742978,1677415328.405
ES,Outros,8,0.8825824334583784,1723931121.125
ES,Outros,9,0.9063721173986609,1816507675.125
ES,Outros,10,0.9452592720017314,1968881651.28
ES,Outros,11,0.9458721939897125,1964735955.1249998
ES,Outros,12,1.0308071535397005,2325074432.0
ES,Residencial,1,1.1879133370784867,
ES,Residencial,2,1.1549436012719023,
ES,Residencial,3,1.1642610070208377,
ES,Residencial,4,1.027526168014857,
ES,Residencial,5,0.9479828447090026,
ES,Residencial,6,0.8412875500109264,
ES,Residencial,7,0.8407138383167342,
ES,Residencial,8,0.8767393265242133,
ES,Residencial,9,0.8863445716260062,
ES,Residencial,10,0.9047066241926953,
ES,Residencial,11,1.0290060163506192,
ES,Residencial,12,1.1385751148837178,
ES,Rural,1,0.845838061853276,3971677375.125
ES,Rural,2,1.3130214016510462,9664573129.245
ES,Rural,3,1.1632312154356297,7549083662.580001
ES,Rural,4,0.8355724686950154,3826016540.405
ES,Rural,5,0.9049193108493196,4482406839.6449995
ES,Rural,6,0.9040762788530381,4468083339.845
ES,Rural,7,0.9742596251009978,5125133270.48
ES,Rural,8,1.3025394551486071,9374405815.845001
ES,Rural,9,1.1570035963303549,7374735483.380001
ES,Rural,10,0.8512618163780258,3924882540.6049995
ES,Rural,11,0.8345196112571815,3774327844.5000005
ES,Rural,12,0.913757158447506,4555160352.0
GO,Comercial,1,0.9459460801577696,4746507055.205
GO,Comercial,2,0.9806765632237282,4357848746.205
GO,Comercial,3,1.0205029692300158,4705363339.6050005
GO,Comercial,4,1.0608688015029155,4878368843.219999
GO,Comercial,5,0.9985415043235405,4474598920.0199995
GO,Comercial,6,0.9524628168313848,4046499756.6050005
GO,Comercial,7,0.9136182834735663,3870345776.7199984
GO,Comercial,8,0.9310676521354903,3116819685.7799997
GO,Comercial,9,0.9853008289735391,4402278411.38
GO,Comercial,10,1.0690435436761472,6110198003.405
GO,Comercial,11,1.094797350501759,5484762480.125002
GO,Comercial,12,1.0471736059701442,4972647510.605002
GO,Industrial,1,0.9694261045452652,108254929879.22
GO,Industrial,2,0.978188718083379,108727357728.08002
GO,Industrial,3,0.9872212512456882,110272317517.61998
GO,Industrial,4,1.015449844032603,116219991836.04501
GO,Industrial,5,0.9717170379573062,106756375567.68001
GO,Industrial,6,1.011876980371947,117396047181.125
GO,Industrial,7,0.9773011411575783,109844532049.99998
GO,Industrial,8,1.0398503149070115,124833755311.37997
GO,Industrial,9,0.9853248591227735,111291816935.64499
GO,Industrial,10,1.0356637412373042,120689269774.205
GO,Industrial,11,1.0226440666624406,123883255441.125
GO,Industrial,12,1.0053359406767042,117081637388.81998
GO,Outros,1,0.9507386693957999,5280702849.845
GO,Outros,2,0.9588828946776152,5347961962.6050005
GO,Outros,3,0.9795750909633604,5917055477.045
GO,Outros,4,1.0178032759916094,6109811098.879999
GO,Outros,5,0.9926760209889581,5660011849.68
GO,Outros,6,0.9667360514396595,5153825253.780001
GO,Outros,7,0.9455271907398459,4874438342.48
GO,Outros,8,0.9390717321998819,4580135053.245
GO,Outros,9,1.008569500822826,5312217505.004999
GO,Outros,10,1.0642746068988576,6223084546.879999
GO,Outros,11,1.0814939073985788,6596869248.0
GO,Outros,12,1.0946510584830074,7328342899.519999
GO,Residencial,1,0.9586910598731407,188710073816.045
GO,Residencial,2,0.9593902326837804,188943658702.58002
GO,Residencial,3,1.0236565559965944,215053674390.24496
GO,Residencial,4,1.0016454849802736,205886108173.52002
GO,Residencial,5,0.9653150240173245,191204703867.37997
GO,Residencial,6,0.9065356703672991,168588185713.605
GO,Residencial,7,0.9046530059769445,167884801804.84503
GO,Residencial,8,0.8838464906620603,160251248772.18002
GO,Residencial,9,1.005967530696569,207584955917.12003
GO,Residencial,10,1.1523182398715868,272434925704.5
GO,Residencial,11,1.1346401367087504,264089394716.40497
GO,Residencial,12,1.1033405681656756,249724600387.91995
GO,Rural,1,0.7140061052525546,6957434148.845
GO,Rural,2,0.6716209517483586,5996176246.080001
GO,Rural,3,0.8015154825826861,8485774785.004999
GO,Rural,4,1.005706301830932,13113852665.045002
GO,Rural,5,0.9492622535811839,11726389224.5
GO,Rural,6,1.2232192729364477,19691955367.219997
GO,Rural,7,1.124978556635287,16543986900.5
GO,Rural,8,1.078935818352642,15102768123.38
GO,Rural,9,1.0741944205974454,14577900775.245003
GO,Rural,10,1.0531975322994822,13991683946.644999
GO,Rural,11,1.272088559108138,20991800100.5
GO,Rural,12,1.0312747450748425,13979073703.804998
MA,Comercial,1,0.9343102824732142,54708938.04499992
MA,Comercial,2,0.8900157920161019,81302926.44499996
MA,Comercial,3,0.9170384816347962,19412057.404999964
MA,Comercial,4,0.9505731590949749,41479653.619999975
MA,Comercial,5,0.9931837716891863,29242128.125
MA,Comercial,6,0.9958511534366136,57884496.08000002
MA,Comercial,7,1.0122849598778771,51148520.82000001
MA,Comercial,8,1.0308049866802573,32491472.719999976
MA,Comercial,9,1.061973820125876,56010528.0
MA,Comercial,10,1.096986383102375,51571152.40500009
MA,Comercial,11,1.0666967425232265,55316265.61999997
MA,Comercial,12,1.0502804673455015,48155335.22000003
MA,Industrial,1,0.9674589586840759,186043900050.0
MA,Industrial,2,0.9149604192832532,166954733400.5
MA,Industrial,3,1.0074477516695572,204435170621.04498
MA,Industrial,4,1.0150605832190658,207409540080.125
MA,Industrial,5,1.0648736633845108,228273825812.805
MA,Industrial,6,0.9898161032074869,197205251022.605
MA,Industrial,7,1.0139356473145846,206990337308.445
MA,Industrial,8,1.0155149961034746,207722995800.50003
MA,Industrial,9,0.9879202418403022,195940504008.0
MA,Industrial,10,1.0247406949402513,211457661008.18002
MA,Industrial,11,1.004335122895485,203269812970.58002
MA,Industrial,12,0.9939358174579518,198465246292.82004
MA,Outros,1,0.8994335984794802,4964154476.405
MA,Outros,2,0.8245662415981363,4178460811.22
MA,Outros,3,0.9224071651659813,5239194248.0
MA,Outros,4,0.9499749189369664,5575120334.045
MA,Outros,5,0.9954378997191637,6122873130.125
MA,Outros,6,1.020947127891202,6298852680.125
MA,Outros,7,1.0081162071468495,6124654893.780001
MA,Outros,8,1.025888641834307,6344008704.605
MA,Outros,9,1.0843965528394008,7121495168.0
MA,Outros,10,1.1223455204958295,7625717455.445
MA,Outros,11,1.0899695701618162,7192058191.22
MA,Outros,12,1.0565165557308676,6735159103.445
MA,Residencial,1,0.9705857872234743,93006437761.205
MA,Residencial,2,0.9038522680849609,80658389067.38
MA,Residencial,3,0.8645793528292798,73791873027.845
MA,Residencial,4,0.9150452705163052,82649501136.02
MA,Residencial,5,0.9675832748942848,92409326474.58
MA,Residencial,6,0.985927237235742,95947843740.5
MA,Residencial,7,1.0173882664388694,102163435920.045
MA,Residencial,8,1.0088621392351074,100465017402.42
MA,Residencial,9,1.0695103237653263,112920350764.5
MA,Residencial,10,1.1063822639637333,120843244051.22
MA,Residencial,11,1.104921162774096,120524052061.125
MA,Residencial,12,1.0853626530388205,116286775088.72
MA,Rural,1,0.7926832893237339,241927405.44500002
MA,Rural,2,0.7655745032114781,216176503.80500004
MA,Rural,3,0.783958998670031,204264493.20499998
MA,Rural,4,0.8535798852632518,237624360.01999998
MA,Rural,5,1.0504392824330933,355588445.205
MA,Rural,6,1.0626814322213536,387738843.38
MA,Rural,7,1.1074613246839449,421219507.5199999
MA,Rural,8,1.0981316350163879,393280644.24500006
MA,Rural,9,1.186352997256888,440896512.5
MA,Rural,10,1.2236684835000136,469787878.12500006
MA,Rural,11,1.1336276517908495,344090391.12000006
MA,Rural,12,0.9418405166289746,243562313.405
MG,Comercial,1,1.00878847359708,42748996960.08
MG,Comercial,2,0.9881203500696951,42411475519.22001
MG,Comercial,3,1.094754966117832,53285747959.20501
MG,Comercial,4,1.0195067205255617,45237853473.62
MG,Comercial,5,0.9790714915160513,40820473574.719986
MG,Comercial,6,0.9406597242359553,40815902041.91999
MG,Comercial,7,0.9194572458695712,32802441045.12499
MG,Comercial,8,0.9406679011499357,32578655118.24499
MG,Comercial,9,0.9935852542465384,37217040420.604996
MG,Comercial,10,1.056359682457982,40927234422.42001
MG,Comercial,11,0.9977823473795768,30486422279.11999
MG,Comercial,12,1.0612458428342186,34935333048.17999
MG,Industrial,1,1.0053937074734385,3705172264573.5195
MG,Industrial,2,0.9417558645014367,3245294909382.4795
MG,Industrial,3,1.0413715405315465,3971125620000.0
MG,Industrial,4,1.011305859209652,3747193755113.2046
MG,Industrial,5,1.024683192812633,3859367092060.5005
MG,Industrial,6,1.0087784758909046,3738721881786.1245
MG,Industrial,7,1.044334697505129,4026346411946.445
MG,Industrial,8,1.0131832005083576,3802195425618.0
MG,Industrial,9,0.9894018011943109,3604141297900.1255
MG,Industrial,10,1.0270573195404942,3890411326519.3804
MG,Industrial,11,0.9681552645084623,3489967338141.7803
MG,Industrial,12,0.9245790763236348,3201981339133.5205
MG,Outros,1,0.9762428794137727,17974629844.204998
MG,Outros,2,0.9478312302766493,15876800290.579996
MG,Outros,3,1.0570368589650407,19430828124.480003
MG,Outros,4,0.9957078694970267,17286228203.445
MG,Outros,5,0.9947973226956237,15801566432.644999
MG,Outros,6,0.9568830252822759,14122451534.420002
MG,Outros,7,0.972096797376316,12025663104.005001
MG,Outros,8,0.986071985870528,11235769503.005003
MG,Outros,9,1.015605400883305,12642360368.445002
MG,Outros,10,1.0513879326922582,13462698414.079998
MG,Outros,11,1.0000538045598955,11146917222.72
MG,Outros,12,1.0462848924873074,12441442798.804998
MG,Residencial,1,1.0258187744376581,
MG,Residencial,2,0.9708536670321383,
MG,Residencial,3,1.069829973994251,
MG,Residencial,4,0.9868857758543575,
MG,Residencial,5,0.9685633017665322,
MG,Residencial,6,0.9628335056149774,
MG,Residencial,7,0.9337167742043678,
MG,Residencial,8,0.9630864225149058,
MG,Residencial,9,1.006952159384442,
MG,Residencial,10,1.0453396728912803,
MG,Residencial,11,0.9853911243429995,
MG,Residencial,12,1.0807288479620896,
MG,Rural,1,0.6823057012297317,18518058617.645
MG,Rural,2,0.8300974211297939,28707961651.219997
MG,Rural,3,1.0544266803458198,47100250120.49999
MG,Rural,4,0.9373815701968664,36946073463.60501
MG,Rural,5,1.0918262419132538,50606466172.02
MG,Rural,6,1.1253056123437937,53450243750.48001
MG,Rural,7,1.1366658777593461,52034670282.420006
MG,Rural,8,1.0851928878398682,46877229721.125
MG,Rural,9,1.1032716450645281,49307012211.845
MG,Rural,10,1.2130074396459127,60470421495.125
MG,Rural,11,0.9522703931649927,36641248207.380005
MG,Rural,12,0.7882485293660934,24036574842.405003
MS,Comercial,1,1.0183971304673698,330841509.11999995
MS,Comercial,2,1.198312543498046,204294812.4799999
MS,Comercial,3,1.1724599817977408,224416942.245
MS,Comercial,4,1.141919802987312,99314780.48000003
MS,Comercial,5,0.925795813480379,243655020.005
MS,Comercial,6,0.847217731141924,135955103.04500002
MS,Comercial,7,0.9059756946303336,3345.6199999999403
MS,Comercial,8,0.899458215107875,7150627.445000003
MS,Comercial,9,0.9089737137962418,114029161.28000003
MS,Comercial,10,0.9805385727287328,125237468.47999996
MS,Comercial,11,0.9931837892820814,105319389.77999997
MS,Comercial,12,1.0077670110819636,168530112.32000002
MS,Industrial,1,0.9801945586720694,7884176149.205001
MS,Industrial,2,1.0024094302317714,7943759244.244999
MS,Industrial,3,1.0143699064662588,8082849225.679999
MS,Industrial,4,0.9914718065486444,7660150067.520001
MS,Industrial,5,0.9878712594352951,7874648107.219997
MS,Industrial,6,0.9654434594261854,7355571405.125
MS,Industrial,7,0.9945052077920757,8087694153.125
MS,Industrial,8,1.0444080743883115,8761702687.999998
MS,Industrial,9,1.0226011498578487,8670693478.445
MS,Industrial,10,1.0195816785129765,8798502061.844997
MS,Industrial,11,1.0142140242680944,8631101082.245
MS,Industrial,12,0.9629294444004683,7913562237.405
MS,Outros,1,1.0216658298360393,831194300.8800002
MS,Outros,2,1.0072924473592308,870508675.125
MS,Outros,3,1.0828365042335106,995922913.0049998
MS,Outros,4,1.1081696116943756,1132765762.8799999
MS,Outros,5,1.0070356309186428,818469386.4050001
MS,Outros,6,0.9342832021063396,668364328.8450001
MS,Outros,7,0.8925738774599243,515153641.2800001
MS,Outros,8,0.8762877127925022,474862234.87999994
MS,Outros,9,0.9834685533966268,677653705.125
MS,Outros,10,1.0353938359329282,770092861.52
MS,Outros,11,1.0104726353605387,747197287.3799999
MS,Outros,12,1.0405201589093418,793055138.0
MS,Residencial,1,1.119453299583654,
MS,Residencial,2,1.1602031922417764,
MS,Residencial,3,1.1725980653788475,
MS,Residencial,4,1.0171922906514639,
MS,Residencial,5,0.9477440733530179,
MS,Residencial,6,0.8289486965443648,
MS,Residencial,7,0.7718944079397455,
MS,Residencial,8,0.7775544563023228,
MS,Residencial,9,0.9696938787918068,
MS,Residencial,10,1.0505755260047134,
MS,Residencial,11,1.0387699854520325,
MS,Residencial,12,1.1453721277562543,
MS,Rural,1,1.0397173980201742,1207586025.68
MS,Rural,2,1.1563789798467639,1511669614.0049999
MS,Rural,3,1.1082015592230363,1345959162.8449998
MS,Rural,4,1.1396124392457552,1489428162.605
MS,Rural,5,0.9557599725226754,1023450951.645
MS,Rural,6,0.907766757426265,912623092.205
MS,Rural,7,0.8325897953975481,638809619.2200001
MS,Rural,8,0.9498155066515465,846434940.125
MS,Rural,9,0.9715306519916262,878140232.0
MS,Rural,10,0.9602000932540481,860988055.4449999
MS,Rural,11,0.9897017597384281,977368156.8799999
MS,Rural,12,0.9887250866821321,933651435.645
MT,Comercial,1,0.9326886107468113,478310799.2450003
MT,Comercial,2,1.021277579861991,223652790.08000013
MT,Comercial,3,1.0674006842307961,234948332.20499998
MT,Comercial,4,1.01204229498371,399918792.97999984
MT,Comercial,5,1.017013905283725,422733056.80500007
MT,Comercial,6,0.9419264652647354,204393871.125
MT,Comercial,7,0.920816233184519,188249846.4799999
MT,Comercial,8,0.9524600605728305,355244512.5
MT,Comercial,9,0.987314652695536,213988396.87999997
MT,Comercial,10,1.1000755795260106,495086044.5
MT,Comercial,11,1.064709629114274,457573600.98
MT,Comercial,12,0.9822743045350606,233863564.5
MT,Industrial,1,0.8998046227722717,13348456492.804996
MT,Industrial,2,0.8608114368591774,11605139370.32
MT,Industrial,3,0.9770447216435445,15887119480.445
MT,Industrial,4,1.010829685565028,17736109638.245003
MT,Industrial,5,1.0210523529912063,17983485390.08
MT,Industrial,6,0.9827473494677875,16736339194.580002
MT,Industrial,7,1.0384383927471312,19341491532.004997
MT,Industrial,8,1.101609974362061,21803606193.779995
MT,Industrial,9,1.0604877904338337,20402565603.92
MT,Industrial,10,1.0904710024724884,20954361271.22
MT,Industrial,11,1.0042722359924263,17499725112.979996
MT,Industrial,12,0.9524304346930424,15788023056.125002
MT,Outros,1,0.9115544222246221,2175209094.6450005
MT,Outros,2,0.8962316625867115,1991581205.645
MT,Outros,3,0.9787833286030815,2267256992.72
MT,Outros,4,1.0117395261101756,2242805220.044999
MT,Outros,5,1.010085475558527,2137422576.645
MT,Outros,6,0.9837878083233257,1971248097.245
MT,Outros,7,0.9063545822030021,1588630617.9199998
MT,Outros,8,0.9640368818542299,1622294848.8450003
MT,Outros,9,1.053038693821025,1776670089.0050004
MT,Outros,10,1.144620347100989,2310354692.8200006
MT,Outros,11,1.1054071932748302,2090354345.2799997
MT,Outros,12,1.0343600783394808,1940900438.4049997
MT,Residencial,1,0.9870335816888076,
MT,Residencial,2,0.9820654220730404,
MT,Residencial,3,0.9500678049108798,
MT,Residencial,4,0.9565962650735257,
MT,Residencial,5,1.0481711289983058,
MT,Residencial,6,0.8852826827546408,
MT,Residencial,7,0.8143104877800801,
MT,Residencial,8,0.9216937050980414,
MT,Residencial,9,1.0263664443734812,
MT,Residencial,10,1.1976669955479309,
MT,Residencial,11,1.1620919712398345,
MT,Residencial,12,1.0686535104614314,
MT,Rural,1,0.7179147973406211,1476461272.32
MT,Rural,2,0.7398553931509867,1572096271.8049998
MT,Rural,3,0.8244049750391518,2644237369.8050003
MT,Rural,4,0.7939040517959538,2927356779.605
MT,Rural,5,0.7401236192069315,2410720709.78
MT,Rural,6,0.8256108839187702,3057924987.6049995
MT,Rural,7,1.0194437412781119,3951231628.8199997
MT,Rural,8,1.3199566774279337,4104660194.0449996
MT,Rural,9,1.3097832990856608,3567176559.005
MT,Rural,10,1.3711679034149746,3975760371.8450007
MT,Rural,11,1.2966719956788266,4211701598.405001
MT,Rural,12,1.041162662662077,2438065569.245
PA,Comercial,1,0.9243873306254698,3256065436.1233344
PA,Comercial,2,0.887126542556493,2972324193.903333
PA,Comercial,3,0.8906131171859555,2961856591.8100004
PA,Comercial,4,0.9616294149240822,3387885763.743333
PA,Comercial,5,0.9999946846122683,3615244412.173334
PA,Comercial,6,1.006971190958182,3750385186.443334
PA,Comercial,7,1.0349903981317332,3927145858.87
PA,Comercial,8,1.0297183328082558,3866368283.003333
PA,Comercial,9,1.0419827307448781,3925175028.79
PA,Comercial,10,1.0900638897615762,4325150342.643333
PA,Comercial,11,1.0730938150348182,4223824796.543333
PA,Comercial,12,1.0594285526562892,4052504343.4633327
PA,Industrial,1,1.0082217078293823,394318909794.6833
PA,Industrial,2,0.8822304560586107,301571023497.70917
PA,Industrial,3,0.9542482138683341,354035842206.6767
PA,Industrial,4,0.9755949504777016,370968875348.9092
PA,Industrial,5,0.9799715284566782,374635334295.3133
PA,Industrial,6,0.9639399508841568,362212248182.25665
PA,Industrial,7,0.9921439910447177,383013948208.11005
PA,Industrial,8,1.0500541764282925,430846700595.6367
PA,Industrial,9,1.011282379837623,397398180024.4067
PA,Industrial,10,1.0610397664354878,438162456358.9626
PA,Industrial,11,1.0550465173842452,434299734264.0358
PA,Industrial,12,1.0662263612947689,444409078379.5767
PA,Outros,1,0.9397606968494412,4594162215.413333
PA,Outros,2,0.8998951628811903,4285236652.089999
PA,Outros,3,0.9958960350482461,5355531790.723334
PA,Outros,4,0.9906359510940655,5216490682.823332
PA,Outros,5,1.0092785219083076,5341961008.043334
PA,Outros,6,1.0013401351407576,5264223914.203333
PA,Outros,7,0.9804247914179965,4931859767.503334
PA,Outros,8,0.9950231735920869,5061862058.363333
PA,Outros,9,1.0407668079791017,5632506422.203333
PA,Outros,10,1.07537156359265,6034756629.33
PA,Outros,11,1.0332270071111822,5448243915.023333
PA,Outros,12,1.038380153384974,5626070150.680001
PA,Residencial,1,1.3015213934836694,96042575467.51999
PA,Residencial,2,1.2111245134001898,82726848799.99998
PA,Residencial,3,1.2061780459024167,82361332144.07999
PA,Residencial,4,0.8581965162212459,63200727102.603325
PA,Residencial,5,0.8893239965173763,68561461620.810005
PA,Residencial,6,0.9163769698738295,72847223001.56332
PA,Residencial,7,0.9439846532715209,76648494914.02333
PA,Residencial,8,0.9301551713017109,75046293541.81
PA,Residencial,9,0.9525509912626166,78577169312.24333
PA,Residencial,10,1.0109185806241794,87589002203.29001
PA,Residencial,11,1.0325993431776663,92212326526.32999
PA,Residencial,12,0.9866778092256686,84796544058.20334
PA,Rural,1,0.9468688528622603,268084995.4233333
PA,Rural,2,0.8425053152514984,219058910.6633333
PA,Rural,3,0.8436621604531376,219247794.49
PA,Rural,4,0.9959930320947521,269086141.0033334
PA,Rural,5,0.9377512429998567,232097614.69000006
PA,Rural,6,0.9432730917458251,250971591.4233333
PA,Rural,7,1.1239436892678012,352390956.19
PA,Rural,8,1.0158084785125197,293702934.5233334
PA,Rural,9,1.0327765353231604,303365266.86333334
PA,Rural,10,1.1836911660607061,413948177.97333336
PA,Rural,11,1.1328824055423223,380923391.3233333
PA,Rural,12,1.0008440298861614,293575926.02333325
PB,Comercial,1,1.0362517044109456,480109479.37999994
PB,Comercial,2,0.987904061636373,471220440.31999993
PB,Comercial,3,1.0010227561266105,297219018.6049999
PB,Comercial,4,1.0201007645735298,342533903.2200001
PB,Comercial,5,1.0362790503627413,403740211.22
PB,Comercial,6,0.9680635218413082,349277736.0200002
PB,Comercial,7,0.9397709794066578,300517128.0000001
PB,Comercial,8,0.9528675867819835,301901420.87999994
PB,Comercial,9,0.9164554001988015,317358740.4799999
PB,Comercial,10,1.010058489660294,283229520.0799999
PB,Comercial,11,1.0431765408194862,344274048.0199999
PB,Comercial,12,1.0880491441812679,356188726.08000016
PB,Industrial,1,0.9908050607733933,3669049085.6450005
PB,Industrial,2,0.9485122742110297,3392836787.519999
PB,Industrial,3,1.0413328731885785,4296821131.804999
PB,Industrial,4,0.9457423873007512,3481892835.2449994
PB,Industrial,5,1.0146676971462811,4002914655.0449996
PB,Industrial,6,0.9514435590450127,3509560956.0200005
PB,Industrial,7,1.077696851628739,4819685654.044999
PB,Industrial,8,1.0335885716586959,4348974931.92
PB,Industrial,9,1.0328786073815917,4350700464.844999
PB,Industrial,10,1.0401013977013547,4312149131.205
PB,Industrial,11,0.9921391592178856,3826453932.4049993
PB,Industrial,12,0.9310915607466878,3406632153.1249995
PB,Outros,1,0.9699382590637999,979522486.6049998
PB,Outros,2,0.9230977269974724,976311766.125
PB,Outros,3,1.0113920905564366,1127811521.78
PB,Outros,4,1.0289241401448028,1217632291.2800002
PB,Outros,5,1.0448833729436784,1211570002.58
PB,Outros,6,0.9802416531906156,1068065627.4449999
PB,Outros,7,0.9501992770688105,931945329.9200001
PB,Outros,8,0.9934832476303539,1063467244.8449999
PB,Outros,9,0.9704397749349064,846327967.805
PB,Outros,10,1.0328903167066164,920947319.6450001
PB,Outros,11,1.0416327098628941,967973600.1800002
PB,Outros,12,1.0528774308996138,942313895.645
PB,Residencial,1,1.0639431173286718,
PB,Residencial,2,1.0127510638728563,
PB,Residencial,3,0.9971296165095045,
PB,Residencial,4,1.0129022947788118,
PB,Residencial,5,1.0616911089156365,
PB,Residencial,6,0.9467109563395851,
PB,Residencial,7,0.9124959433419548,
PB,Residencial,8,0.9496176456952409,
PB,Residencial,9,0.9022016634093688,
PB,Residencial,10,0.9832798431273193,
PB,Residencial,11,1.0370631950597904,
PB,Residencial,12,1.1202135516212592,
PB,Rural,1,1.1910035487185386,504075700.97999996
PB,Rural,2,0.9576950403001999,321625666.88000005
PB,Rural,3,0.8501576698278145,250007160.49999997
PB,Rural,4,0.8555183827781588,253561688.17999998
PB,Rural,5,0.9906670966660159,341461617.92
PB,Rural,6,0.8820392249975675,268626066.84499997
PB,Rural,7,0.8139104381526102,226551155.21999997
PB,Rural,8,0.8849692585142624,269424005.805
PB,Rural,9,0.9002472904227435,279595033.91999996
PB,Rural,10,1.0896787305146345,414305383.67999995
PB,Rural,11,1.2644563313018518,562536236.205
PB,Rural,12,1.319656987805602,610552051.2449999
PE,Comercial,1,0.987607345072622,4719921425.333334
PE,Comercial,2,1.0279475048452653,5035617914.893334
PE,Comercial,3,1.004866168185868,4751939628.893333
PE,Comercial,4,1.0554226981138553,5335624997.6433325
PE,Comercial,5,1.0509665996979403,5261808910.89
PE,Comercial,6,1.0014403791438908,4903403912.203334
PE,Comercial,7,0.9276440034220546,4210550164.8233337
PE,Comercial,8,0.925574670821238,4189634634.0233326
PE,Comercial,9,0.9546959524049352,4436758093.08
PE,Comercial,10,0.9812429128626117,4892215580.763334
PE,Comercial,11,1.0325210328031955,5251320096.333334
PE,Comercial,12,1.0500707326265222,5362165419.303333
PE,Industrial,1,0.9484607773691062,25998035482.763336
PE,Industrial,2,0.9620843138729481,27724486894.65333
PE,Industrial,3,0.9194844658064981,24997640370.72333
PE,Industrial,4,1.0096077404785533,30412190773.16333
PE,Industrial,5,1.0046413373403333,30302504938.623333
PE,Industrial,6,0.9757875603969467,27656429707.33
PE,Industrial,7,1.00468791299917,29979405851.24334
PE,Industrial,8,1.0577435275919491,33103704409.239994
PE,Industrial,9,1.011036894251712,30519414870.763336
PE,Industrial,10,1.0479763931221089,32957714341.50333
PE,Industrial,11,1.0826808855449812,35255811294.333336
PE,Industrial,12,0.9758081912256928,28094603590.170002
PE,Outros,1,0.9678664368235964,3269024564.3333335
PE,Outros,2,0.978492179394023,3273805550.543334
PE,Outros,3,1.0320493198228569,3862147886.243333
PE,Outros,4,0.9600365535252634,3574340355.6699996
PE,Outros,5,0.9732972312164362,3567206380.663333
PE,Outros,6,0.9518283665662224,3239978815.243334
PE,Outros,7,1.0268459297225763,3293506703.1100006
PE,Outros,8,0.9659411508292826,3066783558.9733334
PE,Outros,9,0.9980806057642327,3227899286.41
PE,Outros,10,1.008072148892301,3107053366.8633337
PE,Outros,11,1.0546071925005478,3598287096.333333
PE,Outros,12,1.0828828849426615,3681755401.4033337
PE,Residencial,1,1.0461532518199916,130415416328.0
PE,Residencial,2,1.0302882734221177,126348819126.08
PE,Residencial,3,1.0766599847880876,138152331739.805
PE,Residencial,4,1.0294406884713143,126342384770.88002
PE,Residencial,5,1.094398056553409,142683163984.80502
PE,Residencial,6,0.9414552901658994,105600959701.20502
PE,Residencial,7,0.9126737210781699,99142883395.20502
PE,Residencial,8,0.9156035410850515,99740696997.77998
PE,Residencial,9,0.9065657635667833,97840477025.28001
PE,Residencial,10,0.9129267315112456,99134423010.60501
PE,Residencial,11,1.032811032288688,127040762112.5
PE,Residencial,12,1.1010236652492413,144296808561.405
PE,Rural,1,1.144833806547071,588092701.0
PE,Rural,2,0.8211409715266647,345959812.10333335
PE,Rural,3,0.9233596430037276,400988688.69
PE,Rural,4,0.9754384898147849,403815893.82333326
PE,Rural,5,1.0261323208079485,453464430.1633334
PE,Rural,6,0.981428964734457,407090465.11
PE,Rural,7,0.8673509545630358,322164740.32
PE,Rural,8,0.9015980042259872,341531040.97
PE,Rural,9,1.0173740663107287,437736359.29333335
PE,Rural,10,0.9983261577127646,434825387.67999995
PE,Rural,11,1.1769481570562894,579888556.3333334
PE,Rural,12,1.1660684636965395,568476193.0300001
PI,Comercial,1,0.9402257450044873,433268484.5
PI,Comercial,2,0.9032278697338991,421486578.0
PI,Comercial,3,0.8987545447822202,328217820.5
PI,Comercial,4,0.9399259242972702,376970882.0
PI,Comercial,5,0.9906316023018235,413453768.0
PI,Comercial,6,0.9769837637093017,424861250.0
PI,Comercial,7,0.9949130420008834,406495584.5
PI,Comercial,8,1.0310834121195525,446975100.5
PI,Comercial,9,1.0681292587032953,470079122.0
PI,Comercial,10,1.115788758322523,480996128.0
PI,Comercial,11,1.0807696997195677,451140722.0
PI,Comercial,12,1.0595663793051755,439620552.0
PI,Industrial,1,0.9586835397165954,34163378.0
PI,Industrial,2,0.7867629193725729,13122564.5
PI,Industrial,3,0.9285393665605581,30889800.0
PI,Industrial,4,0.9467247038087905,35667458.0
PI,Industrial,5,1.0620138119613067,48659112.5
PI,Industrial,6,1.0527234766279707,40960300.5
PI,Industrial,7,1.0653247293407404,35431362.0
PI,Industrial,8,1.045014474968394,40473004.5
PI,Industrial,9,0.9742992097449689,28020098.0
PI,Industrial,10,1.0999164034542257,47628800.0
PI,Industrial,11,1.03068363854995,46880244.5
PI,Industrial,12,1.0493137258939271,47355912.0
PI,Outros,1,0.8790509672688989,1089371164.5
PI,Outros,2,0.8541144178526442,1058506060.5
PI,Outros,3,0.9213739166400331,1220723460.5
PI,Outros,4,0.9650203981876633,1371675064.5
PI,Outros,5,1.0076140700494445,1512885024.5
PI,Outros,6,1.0021093794062905,1507279512.5
PI,Outros,7,0.96632889022579,1301112072.0
PI,Outros,8,1.0339944727491492,1538294044.5
PI,Outros,9,1.1040514372732229,1830427512.5
PI,Outros,10,1.1507961873249233,1988975520.5
PI,Outros,11,1.092094527269651,1768697288.0
PI,Outros,12,1.023451335752289,1478483442.0
PI,Residencial,1,0.982738133555484,23367760928.0
PI,Residencial,2,0.8899816347009485,19160010012.5
PI,Residencial,3,0.8578828786186266,17805920760.5
PI,Residencial,4,0.9020868281045875,19686637164.5
PI,Residencial,5,0.9613722854384005,22359357512.0
PI,Residencial,6,0.9674657780638809,22640856012.5
PI,Residencial,7,0.9957839332033246,23987289480.5
PI,Residencial,8,1.0086934131056289,24612704712.0
PI,Residencial,9,1.0638983660563832,27383382264.5
PI,Residencial,10,1.1231747354071606,30519815922.0
PI,Residencial,11,1.125396747259405,30639758604.5
PI,Residencial,12,1.1215252664861692,30425757880.5
PI,Rural,1,0.8136516293001724,207122304.5
PI,Rural,2,0.73124606798897,155849512.5
PI,Rural,3,0.8201494242440366,179096738.0
PI,Rural,4,0.8889208840256281,235423300.5
PI,Rural,5,1.0345015383748626,327142620.5
PI,Rural,6,1.0988409761716218,358102322.0
PI,Rural,7,1.0417880829939936,319059060.5
PI,Rural,8,1.1028974030729937,366338312.0
PI,Rural,9,1.1499219075222304,401577800.0
PI,Rural,10,1.1865799876679615,427196450.0
PI,Rural,11,1.1101088286754326,372208328.0
PI,Rural,12,1.0213932699620962,321970688.0
PR,Comercial,1,1.0253483252264246,8245308844.819995
PR,Comercial,2,1.107138523714143,15093714636.044992
PR,Comercial,3,1.1512402100588208,11174541957.604996
PR,Comercial,4,1.022593059790778,11836742135.804996
PR,Comercial,5,0.9219144618152636,6020753431.2199955
PR,Comercial,6,0.8933696316263052,5880310836.479998
PR,Comercial,7,0.9323407163261934,1413662695.3799987
PR,Comercial,8,0.9255323534455124,3814810347.645
PR,Comercial,9,0.934452437707275,5040722580.479998
PR,Comercial,10,1.0082758005908756,5471291303.120002
PR,Comercial,11,1.0042251944850316,6037246728.0
PR,Comercial,12,1.0735692852133765,6131684874.004997
PR,Industrial,1,0.976784271572914,532763837768.00006
PR,Industrial,2,0.9738112942167753,495259688851.27997
PR,Industrial,3,1.0527954522029683,608076862100.48
PR,Industrial,4,1.0084456649562359,555325730875.1251
PR,Industrial,5,1.040256820623296,612960756569.78
PR,Industrial,6,1.0030835479218203,559946002125.125
PR,Industrial,7,1.0260982472729248,601651186980.9799
PR,Industrial,8,1.0029205344203063,559795211724.5001
PR,Industrial,9,0.9710136406650549,524640315168.0
PR,Industrial,10,1.0376173191795863,642474715923.605
PR,Industrial,11,0.9889326587095674,573582512576.2051
PR,Industrial,12,0.9182405482585501,489021534176.1799
PR,Outros,1,1.0496465915561985,8889737798.045
PR,Outros,2,1.0274490364083348,8842385426.405003
PR,Outros,3,1.140038680178275,9770132791.124998
PR,Outros,4,1.0722743482288737,7722423647.644999
PR,Outros,5,0.9800905967858182,6021313086.604999
PR,Outros,6,0.9475095795405715,5793055632.719998
PR,Outros,7,0.9622254240525251,5737207944.844999
PR,Outros,8,0.9237008775056691,4812530967.38
PR,Outros,9,0.9355014740377247,5265175653.125001
PR,Outros,10,0.9903804267866245,5441998868.48
PR,Outros,11,0.966433807204062,5964318527.445001
PR,Outros,12,1.0047491577153234,6169983046.579999
PR,Residencial,1,1.0578103346442127,
PR,Residencial,2,1.1373193271686437,
PR,Residencial,3,1.1515929359966957,
PR,Residencial,4,0.991409572712498,
PR,Residencial,5,0.9046952512113348,
PR,Residencial,6,0.9064389997893781,
PR,Residencial,7,0.9324179859356502,
PR,Residencial,8,0.9343911478395942,
PR,Residencial,9,0.9490967493310266,
PR,Residencial,10,0.9916252811258575,
PR,Residencial,11,0.9856012234763156,
PR,Residencial,12,1.0576011907687932,
PR,Rural,1,1.0278863590420035,7933502437.244999
PR,Rural,2,1.1279877756967491,10341650362.805
PR,Rural,3,1.0950088620448664,8483690514.605001
PR,Rural,4,1.0421260048562229,6152954312.0
PR,Rural,5,0.9890089986584082,4537405269.619999
PR,Rural,6,0.9458268742262581,3661942526.045001
PR,Rural,7,0.917367707273915,3337167225.7799993
PR,Rural,8,0.9198356953296537,2681550791.120001
PR,Rural,9,0.9141164540469792,2716788441.919999
PR,Rural,10,1.012054627741142,5634994032.020001
PR,Rural,11,1.003598749948823,4843553306.804999
PR,Rural,12,1.005181891134979,5502917667.845001
RJ,Comercial,1,1.10000780736807,5656033353.620005
RJ,Comercial,2,1.1576743757856642,2093802058.444997
RJ,Comercial,3,1.1466347064722064,3185161242.2450037
RJ,Comercial,4,1.0583998760993574,4217733643.5200014
RJ,Comercial,5,0.9822847766749411,7082463636.125
RJ,Comercial,6,0.9151472604403204,5728748688.044998
RJ,Comercial,7,0.8663819817134656,6626871300.005003
RJ,Comercial,8,0.8773480278003339,9615627429.119995
RJ,Comercial,9,0.9181993818700707,7827006728.0
RJ,Comercial,10,0.9547292178415908,9969821390.420006
RJ,Comercial,11,0.9585341017953641,11007733525.605001
RJ,Comercial,12,1.0646584861386155,15129092510.720003
RJ,Industrial,1,1.0303830806061582,214444057960.125
RJ,Industrial,2,0.9876275428208623,194502466623.37997
RJ,Industrial,3,1.045084627394275,222424557147.00504
RJ,Industrial,4,1.0236426466170157,216598810753.125
RJ,Industrial,5,1.052965638588039,230914284326.04498
RJ,Industrial,6,1.0101353683268675,212730620310.60498
RJ,Industrial,7,1.0027354020991748,211005930537.67996
RJ,Industrial,8,1.0244361168657268,220655947415.805
RJ,Industrial,9,0.9651969166879941,193959912395.205
RJ,Industrial,10,0.9872463346380964,203658363433.84503
RJ,Industrial,11,0.9942019691354391,208084617249.62
RJ,Industrial,12,0.8763443562203517,159096394880.81995
RJ,Outros,1,1.0558647422704555,15572965810.205004
RJ,Outros,2,1.0462456595475407,18795425174.479996
RJ,Outros,3,1.0974321894225991,21304897188.980003
RJ,Outros,4,1.0144830754583698,13629681918.404997
RJ,Outros,5,0.97017644440448,10047736161.125
RJ,Outros,6,0.9289480162417474,9174854806.605003
RJ,Outros,7,0.9522280662870798,10502526366.720005
RJ,Outros,8,0.9684992559962263,10013870288.180004
RJ,Outros,9,0.9526309634100973,11568026354.58
RJ,Outros,10,0.9935339746657774,12991140288.02
RJ,Outros,11,0.9814554977098785,12680806780.444994
RJ,Outros,12,1.0385021145857496,11148320792.18
RJ,Residencial,1,1.1302998876778836,759071059533.405
RJ,Residencial,2,1.291741185280166,992629791628.88
RJ,Residencial,3,1.3104133279746228,1020958196550.48
RJ,Residencial,4,1.0745704286250461,685973719081.2798
RJ,Residencial,5,0.9414030503405638,526333075211.52
RJ,Residencial,6,0.8797524605692546,459418445088.01996
RJ,Residencial,7,0.8207603900249163,399698464050.00006
RJ,Residencial,8,0.8064635397643665,385730301290.445
RJ,Residencial,9,0.8663061604854368,445300604929.44495
RJ,Residencial,10,0.9068721796310647,488082472856.18
RJ,Residencial,11,0.9173449452985335,499461944829.62006
RJ,Residencial,12,1.0540724443281455,659876349132.005
RJ,Rural,1,1.2312735915386162,100956366.08
RJ,Rural,2,1.122558818582619,82739961.60499999
RJ,Rural,3,1.1895760209328807,82105705.125
RJ,Rural,4,0.979284940292211,58720284.5
RJ,Rural,5,0.9563806409453984,56556930.12499999
RJ,Rural,6,0.914625168535608,51880353.84499999
RJ,Rural,7,0.9026064083510944,49942016.82000001
RJ,Rural,8,0.942467664599664,54047764.805
RJ,Rural,9,0.9358916739962997,54061281.61999999
RJ,Rural,10,0.9514259008555681,55701901.52
RJ,Rural,11,0.9185211327798657,50762888.00000001
RJ,Rural,12,0.9553880385901737,55700846.045
RN,Comercial,1,1.053965257456271,192432962.0
RN,Comercial,2,0.9978738226958793,235944364.5
RN,Comercial,3,1.0089592177985747,109934792.0
RN,Comercial,4,1.0125362234111328,82574100.5
RN,Comercial,5,1.0310303391169282,107531112.5
RN,Comercial,6,0.9952049113874382,119073312.0
RN,Comercial,7,0.9740751073355471,68866848.0
RN,Comercial,8,0.9821925844686897,55704012.5
RN,Comercial,9,0.9613950100402562,18271012.5
RN,Comercial,10,0.9837651380197214,4312984.5
RN,Comercial,11,0.9734903831982621,5130245.119999991
RN,Comercial,12,1.0255120050713007,6232921.24499999
RN,Industrial,1,0.9292969027062755,4176705804.5
RN,Industrial,2,0.9261116668835121,4114424184.5
RN,Industrial,3,0.9856129163923462,4905055058.0
RN,Industrial,4,0.9701392844446048,4830265472.0
RN,Industrial,5,1.0205895906319256,5388361860.5
RN,Industrial,6,1.0059601332055177,5121327218.0
RN,Industrial,7,0.9634032939341709,4676605472.0
RN,Industrial,8,1.081039448623495,5989322904.5
RN,Industrial,9,1.0622674440614714,5912411282.0
RN,Industrial,10,1.0536777507361506,5822823612.5
RN,Industrial,11,1.0229846094800799,5518990909.62
RN,Industrial,12,0.9789169589004496,5154109532.18
RN,Outros,1,0.9865655530081184,643256712.0
RN,Outros,2,0.9346892460468966,632150124.5
RN,Outros,3,0.9821904427824732,661352080.5
RN,Outros,4,0.9850538870165334,708008450.0
RN,Outros,5,1.0451426101820396,806814450.0
RN,Outros,6,1.0358109797339856,788839200.0
RN,Outros,7,0.978149643304967,617163844.5
RN,Outros,8,1.0080341171386102,686907112.5
RN,Outros,9,0.9964059172033405,669084780.5
RN,Outros,10,1.0183250740813239,669157944.5
RN,Outros,11,0.9733181262318625,560810144.1800001
RN,Outros,12,1.05631440326985,723847980.9800001
RN,Residencial,1,1.1177996248915312,
RN,Residencial,2,1.0410245948120587,
RN,Residencial,3,1.0177439058061515,
RN,Residencial,4,1.0020392373054035,
RN,Residencial,5,1.0811855417074456,
RN,Residencial,6,0.9918558198226727,
RN,Residencial,7,0.9470126109174658,
RN,Residencial,8,0.9437269892925493,
RN,Residencial,9,0.9293034117923421,
RN,Residencial,10,0.9397279758163511,
RN,Residencial,11,0.9246136139531073,
RN,Residencial,12,1.063966673882921,
RN,Rural,1,1.2193881713589503,516232712.0
RN,Rural,2,0.9466777716129278,319792050.0
RN,Rural,3,0.803460444544572,240813458.0
RN,Rural,4,0.7501606462428005,214493472.0
RN,Rural,5,0.839397877916743,297655600.5
RN,Rural,6,0.8082816804619908,259760424.5
RN,Rural,7,0.8456388642883711,248600402.0
RN,Rural,8,0.9769953594371873,283720020.5
RN,Rural,9,1.1396750989819946,392756364.5
RN,Rural,10,1.190963584140303,436689904.5
RN,Rural,11,1.201960734533532,466797901.5200001
RN,Rural,12,1.2773997664806285,536192828.6450001
RO,Comercial,1,0.9424061804415703,478550678.2300001
RO,Comercial,2,0.9480476288231243,508536936.40333325
RO,Comercial,3,0.964533997179788,475199103.8433333
RO,Comercial,4,0.944044367304751,439459432.6533333
RO,Comercial,5,1.0358888681283909,558550173.6300001
RO,Comercial,6,0.9804179553578711,496981677.48999995
RO,Comercial,7,0.9601526925391423,465091068.1033334
RO,Comercial,8,1.0111408744654795,501465475.00000006
RO,Comercial,9,1.0748257729617976,594124573.0533332
RO,Comercial,10,1.073164534688722,578477121.2233334
RO,Comercial,11,1.046234340889116,554284217.01
RO,Comercial,12,1.0191427872202472,499683190.4633333
RO,Industrial,1,0.9526501258083332,301029284.2133333
RO,Industrial,2,0.9333252883747173,277808738.8933334
RO,Industrial,3,1.0064920698937536,324073024.1433334
RO,Industrial,4,0.9324848019087724,315868020.04333335
RO,Industrial,5,0.9959044809360946,349572004.34333336
RO,Industrial,6,1.0035514258101328,344156329.0533334
RO,Industrial,7,1.0289692608482564,379506453.0633334
RO,Industrial,8,1.0376260597380522,371980951.4633333
RO,Industrial,9,1.0346578934275865,376725118.0233333
RO,Industrial,10,1.0640092898101075,409492181.5833334
RO,Industrial,11,1.0242650771522117,364482263.46999997
RO,Industrial,12,0.9860642262919833,357563201.4933332
RO,Outros,1,0.9141482675340836,346053590.13
RO,Outros,2,0.8643567121113402,308954068.3233334
RO,Outros,3,0.9589376875188436,375144633.69333327
RO,Outros,4,0.9490536602832136,354478091.45333326
RO,Outros,5,1.032748578118953,435540773.08
RO,Outros,6,1.0124300749830433,423910384.6533334
RO,Outros,7,0.9616712262758185,379901090.6133334
RO,Outros,8,0.9997644115343042,414990442.36333334
RO,Outros,9,1.0834219202374944,493483218.6133334
RO,Outros,10,1.114161538869202,521026642.71999997
RO,Outros,11,1.0720976413987273,483071519.50333333
RO,Outros,12,1.037208281134975,437923859.7033333
RO,Residencial,1,0.9295010133117193,10388342768.72
RO,Residencial,2,0.9371297869400294,10536743461.204998
RO,Residencial,3,0.9172752254662658,10121742288.079998
RO,Residencial,4,0.923524702458912,10265209641.68
RO,Residencial,5,1.0449547464380193,13128205333.445
RO,Residencial,6,0.9723220500541683,11390460711.125
RO,Residencial,7,0.9432035655234834,10714386582.245
RO,Residencial,8,1.0303788320608558,12781382774.480001
RO,Residencial,9,1.116456945393383,15022892451.919996
RO,Residencial,10,1.096502992483763,14467719428.82
RO,Residencial,11,1.067469150982324,13727515929.68
RO,Residencial,12,1.0212809888870755,12575647795.28
RO,Rural,1,0.9380552457685626,312273740.25333333
RO,Rural,2,0.9659133152771773,327259961.72333336
RO,Rural,3,0.9597499449970033,321161568.12333333
RO,Rural,4,0.9339341936560682,308342787.2133333
RO,Rural,5,0.9991366426170807,353854094.6633333
RO,Rural,6,0.9575649983688767,324003659.8933333
RO,Rural,7,0.978974440676423,339704918.77
RO,Rural,8,1.100736660824969,429656809.6933333
RO,Rural,9,1.1377624022274317,459541688.3633333
RO,Rural,10,1.0660749102882157,401443701.3433333
RO,Rural,11,1.0111872302008176,361273032.8633332
RO,Rural,12,0.9509100150973744,320560242.12333333
RR,Comercial,1,1.2323811668932454,
RR,Comercial,2,1.1324334542646386,
RR,Comercial,3,1.2016458455672376,
RR,Comercial,4,1.2017858148383516,
RR,Comercial,5,1.1906172323087691,
RR,Comercial,6,1.1663639361933187,
RR,Comercial,7,1.1769195498459535,
RR,Comercial,8,1.2397078342570769,
RR,Comercial,9,1.347662754498725,
RR,Comercial,10,0.6863320811178236,372836124.5
RR,Comercial,11,0.7163168775590647,407651181.125
RR,Comercial,12,0.6525922469894541,335728828.125
RR,Industrial,1,1.245461700196468,
RR,Industrial,2,1.2156467938922526,
RR,Industrial,3,1.241325528223629,
RR,Industrial,4,1.2661425600606637,
RR,Industrial,5,1.2712696899019957,
RR,Industrial,6,1.1245648402403574,
RR,Industrial,7,1.0137929845927593,
RR,Industrial,8,1.346151636660271,
RR,Industrial,9,1.3578707905833152,
RR,Industrial,10,0.6501114468559349,4115006.7200000007
RR,Industrial,11,0.6207489343612487,3716355.8450000007
RR,Industrial,12,0.6880263566069602,4640276.4799999995
RR,Outros,1,1.146908131329624,
RR,Outros,2,1.1949260576164407,
RR,Outros,3,1.25733491001361,
RR,Outros,4,1.2330635330484219,
RR,Outros,5,1.2110359844143939,
RR,Outros,6,1.1758116827140537,
RR,Outros,7,1.1407471111661012,
RR,Outros,8,1.2563537105060858,
RR,Outros,9,1.385856833103795,
RR,Outros,10,0.6942024546721324,144564607.22000003
RR,Outros,11,0.679868575044775,138386566.12499997
RR,Outros,12,0.6249099933268291,116406333.61999999
RR,Residencial,1,1.3218339967382038,
RR,Residencial,2,1.1409442989434098,
RR,Residencial,3,1.2016875153458124,
RR,Residencial,4,1.211703465009552,
RR,Residencial,5,1.1525303872035388,
RR,Residencial,6,1.123925418853341,
RR,Residencial,7,1.1347816453106192,
RR,Residencial,8,1.1332844928945147,
RR,Residencial,9,1.3438271657307803,
RR,Residencial,10,0.6993900725819492,2586739471.8049994
RR,Residencial,11,0.7237206707841686,2783751343.245
RR,Residencial,12,0.6946300636189967,2553165756.98
RR,Rural,1,2.050018019873346,
RR,Rural,2,1.4016887195592855,
RR,Rural,3,1.0866466302836846,
RR,Rural,4,0.9832576069608198,
RR,Rural,5,0.916648432271019,
RR,Rural,6,0.8139834217165218,
RR,Rural,7,0.7668743242547496,
RR,Rural,8,0.8590170159089741,
RR,Rural,9,0.9732179632394585,
RR,Rural,10,0.8149729058332904,4900015.124999999
RR,Rural,11,0.7629405215466202,4270503.125
RR,Rural,12,0.9964105055861608,7658523.845
RS,Comercial,1,1.0702854092280771,6010168775.645
RS,Comercial,2,1.2109146114813774,11056395196.845
RS,Comercial,3,1.1235170685245337,4902876288.0
RS,Comercial,4,0.989326877338322,2269405609.245001
RS,Comercial,5,0.9603092011613729,4189318959.004998
RS,Comercial,6,0.916472902611217,4964054836.004998
RS,Comercial,7,0.9341151712226335,7055175684.5
RS,Comercial,8,0.9210598538611395,5645073138.005004
RS,Comercial,9,0.9034113681256696,4340594647.205002
RS,Comercial,10,0.9126553740588069,3068499460.5
RS,Comercial,11,0.9560084520014975,2703565751.1199975
RS,Comercial,12,1.1019237103853519,4145770576.2049966
RS,Industrial,1,0.8517828907528059,189439944618.42
RS,Industrial,2,0.9261454651820545,213706298912.0
RS,Industrial,3,0.9843416870038156,267510282700.5
RS,Industrial,4,1.048370997072101,306594300822.48004
RS,Industrial,5,1.0262066539894195,275582072329.245
RS,Industrial,6,1.0063450079102665,266157642240.17996
RS,Industrial,7,0.9931431294855853,260912025700.60498
RS,Industrial,8,1.0654285064295417,303145030251.84503
RS,Industrial,9,1.034405090674448,292023287912.18005
RS,Industrial,10,1.050819196042103,304660920463.24493
RS,Industrial,11,1.0466810059964118,303966434850.125
RS,Industrial,12,0.9663303694614461,254779561161.40503
RS,Outros,1,1.0070480978666545,6143816910.08
RS,Outros,2,1.0221727450999285,6316666441.805
RS,Outros,3,1.0714624624676685,7488995158.580002
RS,Outros,4,1.0344120839463156,6351929844.98
RS,Outros,5,0.960513550060169,5156120010.319999
RS,Outros,6,0.9646194541982491,5297405673.6050005
RS,Outros,7,0.9992755686004362,5458891969.619999
RS,Outros,8,1.030088475453088,5723205373.204999
RS,Outros,9,0.9494551363935926,4228982937.919999
RS,Outros,10,0.9945818627034584,5086268940.500002
RS,Outros,11,0.9406216612366228,3755021130.1250005
RS,Outros,12,1.0257489019738166,4641131340.125001
RS,Residencial,1,1.0317310177436387,488397501452.18
RS,Residencial,2,1.23084104147885,694763855396.645
RS,Residencial,3,1.1632693423235991,620585563488.9801
RS,Residencial,4,0.8690071040017793,346345165656.0201
RS,Residencial,5,0.8773915255803134,352645960817.78
RS,Residencial,6,0.9379767634463672,403084191006.72003
RS,Residencial,7,1.0952292904603476,549719324048.72003
RS,Residencial,8,0.9937014458854605,452995314346.58
RS,Residencial,9,0.9300513003828942,395203084247.205
RS,Residencial,10,0.912563279566337,381503483453.6451
RS,Residencial,11,0.8825141789902893,356840563206.125
RS,Residencial,12,1.075723710140124,530418997453.005
RS,Rural,1,1.2795213776439038,17053775966.645
RS,Rural,2,1.64475736165788,23373792850.805004
RS,Rural,3,1.3859577156978968,14353126906.32
RS,Rural,4,1.1815919115046234,5020070100.124998
RS,Rural,5,0.9084765699428903,3069486611.2799997
RS,Rural,6,0.7891435462285393,1517850723.9199994
RS,Rural,7,0.7732609246931059,1655863132.8799999
RS,Rural,8,0.760364995636289,1274604903.0449996
RS,Rural,9,0.7258506335987204,1092491419.2199998
RS,Rural,10,0.7148530228266028,898994483.6450002
RS,Rural,11,0.7592459789989555,785533993.4450004
RS,Rural,12,1.076975961570593,4072350752.0
SC,Comercial,1,1.1030493865985178,5577485906.205004
SC,Comercial,2,1.2304232472485261,12199766706.125
SC,Comercial,3,1.214156023299516,7249235886.079997
SC,Comercial,4,1.0832409890356545,7895519386.879997
SC,Comercial,5,0.9899942237456291,4002180991.204998
SC,Comercial,6,0.8865574954088788,3624614138.8800006
SC,Comercial,7,0.8712131624533529,2380900216.82
SC,Comercial,8,0.8685226202005113,2023504089.6049995
SC,Comercial,9,0.8889883546075226,2047558423.8050013
SC,Comercial,10,0.9086269420340753,927366017.7799996
SC,Comercial,11,0.9326525923971124,821222917.2050009
SC,Comercial,12,1.022574962970702,177687640.98000017
SC,Industrial,1,0.9786847468906218,288821888414.72
SC,Industrial,2,0.9921662175107492,262328857711.38004
SC,Industrial,3,1.0532533982770154,319226468028.125
SC,Industrial,4,0.9925349671278366,281722398198.07996
SC,Industrial,5,1.034563868023269,324660768432.00494
SC,Industrial,6,0.9789559258973485,283397057081.645
SC,Industrial,7,1.044096853105892,334284755460.5
SC,Industrial,8,1.0113192802602191,312402439458.0
SC,Industrial,9,1.0078860444483637,307754722422.405
SC,Industrial,10,1.0462602290528558,346789496016.6049
SC,Industrial,11,0.9842084931098807,297042733988.18
SC,Industrial,12,0.8760699762959492,228981678777.00497
SC,Outros,1,0.9723581358663788,4706003620.125
SC,Outros,2,1.1119658985347567,6931212512.720001
SC,Outros,3,1.1358440723110919,6973450704.5
SC,Outros,4,1.098006846811023,6536303280.125001
SC,Outros,5,0.9945365099833862,4974452716.820001
SC,Outros,6,0.9577759992212062,4746760382.045
SC,Outros,7,0.944161106316895,4422842326.125
SC,Outros,8,0.931245778071672,4215805123.22
SC,Outros,9,0.987438890408972,5032472552.820002
SC,Outros,10,0.9393706254949078,4275535392.0
SC,Outros,11,0.9731956639737758,4568131411.22
SC,Outros,12,0.9541004730059328,4580939046.644999
SC,Residencial,1,1.11972334720352,
SC,Residencial,2,1.335391631365963,
SC,Residencial,3,1.2645371846103173,
SC,Residencial,4,0.9948838119457041,
SC,Residencial,5,0.9048902132220782,
SC,Residencial,6,0.9886316380695801,
SC,Residencial,7,0.9633887540034284,
SC,Residencial,8,0.8402318525491065,
SC,Residencial,9,0.8971912091976445,
SC,Residencial,10,0.8734791401432929,
SC,Residencial,11,0.8825948748457296,
SC,Residencial,12,0.9350563428436363,
SC,Rural,1,1.1580147809840717,7147980.5
SC,Rural,2,1.2290445534729926,235572.480000016
SC,Rural,3,1.1904593600678344,419882526.8450003
SC,Rural,4,1.0611844278309588,103829814.0799997
SC,Rural,5,1.0533937286451236,601163942.5799994
SC,Rural,6,0.9950403543764346,234354755.0450001
SC,Rural,7,0.9865802177761257,51147509.40499991
SC,Rural,8,0.8415914176680603,23769823.00499996
SC,Rural,9,0.831531198774962,159013294.44500017
SC,Rural,10,0.8622178516270705,20073081.605000038
SC,Rural,11,0.858202346600786,54367420.88000006
SC,Rural,12,0.9327397621755795,2548.9799999995844
SE,Comercial,1,1.027413718839943,38476623.64499998
SE,Comercial,2,1.0231418066058324,71120701.125
SE,Comercial,3,1.021070887614136,27726670.44500002
SE,Comercial,4,1.0493192495628536,46959678.72000002
SE,Comercial,5,1.0318020132983807,45141151.44500002
SE,Comercial,6,0.9373920683232119,40317506.045000024
SE,Comercial,7,0.9153752898858712,31276931.405
SE,Comercial,8,0.9328582960843657,29695841.78
SE,Comercial,9,0.9416246159814472,31594890.319999993
SE,Comercial,10,0.9971765900578773,26072864.71999999
SE,Comercial,11,1.0379805402074913,39604110.004999995
SE,Comercial,12,1.0848449235385902,32971260.125
SE,Industrial,1,0.9565459757910384,3330087889.0049996
SE,Industrial,2,0.9465306780554179,3243281368.3199997
SE,Industrial,3,1.0091884728219405,3700769718.4200006
SE,Industrial,4,0.9353129940303437,3097144067.2200003
SE,Industrial,5,1.0346607756620496,3976812662.805
SE,Industrial,6,0.9337389789449674,3167689972.004999
SE,Industrial,7,1.0367017846047364,4277838254.8049994
SE,Industrial,8,1.0530731145245904,4474835423.6449995
SE,Industrial,9,1.0086064510039876,4328183584.08
SE,Industrial,10,0.9636983553951062,3861394472.1799994
SE,Industrial,11,1.0247398598428539,4486602264.499999
SE,Industrial,12,1.097202559322967,5271005940.245
SE,Outros,1,1.0147081028060483,416092012.87999994
SE,Outros,2,0.9488933651761503,390562120.98
SE,Outros,3,1.0312336875998516,428176216.125
SE,Outros,4,1.0469444013485956,464451194.20500004
SE,Outros,5,1.0353885712578363,407602641.61999995
SE,Outros,6,0.961858442838953,254115967.99999997
SE,Outros,7,0.9593582267383475,218417540.17999992
SE,Outros,8,0.9729713665499271,243895698.00000003
SE,Outros,9,0.9708201069909703,262672368.07999998
SE,Outros,10,1.0082178946001052,261552756.12500012
SE,Outros,11,1.012328679354475,301250603.405
SE,Outros,12,1.0372771547387387,303892600.44499993
SE,Residencial,1,1.081671503069772,
SE,Residencial,2,1.084231428021281,
SE,Residencial,3,1.0394530928459171,
SE,Residencial,4,1.0743856746444655,
SE,Residencial,5,1.0656955943718236,
SE,Residencial,6,0.924694026763039,
SE,Residencial,7,0.9124911363567673,
SE,Residencial,8,0.8938150228902622,
SE,Residencial,9,0.9047364971439188,
SE,Residencial,10,0.9401262603151246,
SE,Residencial,11,1.004435470951024,
SE,Residencial,12,1.0742642926266057,
SE,Rural,1,1.2369950489459036,93441285.12500001
SE,Rural,2,1.111743536676224,75174643.445
SE,Rural,3,1.1981650346630608,86828524.20500001
SE,Rural,4,1.28958091113316,101700895.80499999
SE,Rural,5,0.8487034289476507,41232280.5
SE,Rural,6,0.6217489841851783,21012699.645
SE,Rural,7,0.6265047234235073,20885830.805
SE,Rural,8,0.6995624236940362,26502840.125
SE,Rural,9,0.7523869251262267,30989702.644999996
SE,Rural,10,0.9868925974248269,55710345.68000001
SE,Rural,11,1.2304495153705692,90490259.205
SE,Rural,12,1.397266870409657,118152266.42
SP,Comercial,1,1.044553168975176,4719595590.125
SP,Comercial,2,1.0803675762786136,1430322612.5
SP,Comercial,3,1.0683086772549126,1455856988.045009
SP,Comercial,4,1.0440914329264288,10631021694.005014
SP,Comercial,5,0.9911051649733154,513572405.405003
SP,Comercial,6,0.9314241689316158,5376388729.679974
SP,Comercial,7,0.8861981566942643,1020250274.805001
SP,Comercial,8,0.9177598645752103,3758965218.0
SP,Comercial,9,0.9512247238077767,5572047951.679997
SP,Comercial,10,1.0014007821353672,3655501209.680002
SP,Comercial,11,1.0257321080955386,18498280278.004982
SP,Comercial,12,1.0578341753517797,6981861745.620008
SP,Industrial,1,0.9339571626590332,6068233690147.445
SP,Industrial,2,0.9895399548948411,6913788830367.005
SP,Industrial,3,0.9985425525966383,7174729965118.807
SP,Industrial,4,0.9972409565447438,7225295130503.12
SP,Industrial,5,1.0073390157962352,7453931544664.02
SP,Industrial,6,1.0019618904648635,7436233264182.845
SP,Industrial,7,0.9854210504828066,7267613581293.244
SP,Industrial,8,1.0245194451409103,7862719642192.978
SP,Industrial,9,1.0161374174218405,7786524245704.0205
SP,Industrial,10,1.022575933615188,7797941435870.647
SP,Industrial,11,1.0438604213091771,8206082361624.5
SP,Industrial,12,0.9789041990737208,7151172398352.404
SP,Outros,1,1.0210264476989694,54800295588.01997
SP,Outros,2,1.0334848087550457,50950384980.50003
SP,Outros,3,1.0407796705322763,65443795149.604996
SP,Outros,4,1.0347622894528234,62902356174.079994
SP,Outros,5,0.9804131723695817,51729489910.08
SP,Outros,6,0.9744664955439217,38921113802.41999
SP,Outros,7,0.9232502975231344,38337967988.819984
SP,Outros,8,0.9675571129406199,23324112162.0
SP,Outros,9,0.9897923997261332,23156660574.04499
SP,Outros,10,1.001684813439072,28513484165.12001
SP,Outros,11,1.0098205023171698,19223408688.979996
SP,Outros,12,1.0229619897012519,23310701608.005005
SP,Residencial,1,1.0651015216871285,9015312312626.443
SP,Residencial,2,1.060090597984385,8927283148764.482
SP,Residencial,3,1.0989360214406936,9594473354680.5
SP,Residencial,4,0.9614675654425572,7342359166080.125
SP,Residencial,5,0.9782262341657897,7601121164714.044
SP,Residencial,6,0.9061951306925567,6522654362620.5
SP,Residencial,7,0.9978357524113464,7906433595184.079
SP,Residencial,8,0.9470608431865806,7121155321540.98
SP,Residencial,9,0.9508109670957398,7177230686737.62
SP,Residencial,10,1.008150611945888,8067733164442.88
SP,Residencial,11,0.9781754009249823,7590815300432.72
SP,Residencial,12,1.0479493530223518,8715167210605.52
SP,Rural,1,0.9174354167127416,3757751432.000002
SP,Rural,2,0.9439771700665238,3177607312.08
SP,Rural,3,0.914324418584949,2604211148.1800003
SP,Rural,4,1.035811416857775,1653866833.2050014
SP,Rural,5,0.9503019611480275,2871031398.48
SP,Rural,6,0.9672873514872695,3241469489.444999
SP,Rural,7,0.8790609444824162,4004596967.4049993
SP,Rural,8,1.0244962279066887,4063989059.045
SP,Rural,9,1.1571568298043362,4008365555.220001
SP,Rural,10,1.1240643307045317,5606377817.045001
SP,Rural,11,1.1244616100789142,1536275708.180001
SP,Rural,12,0.9616223221658265,2317838080.819999
TO,Comercial,1,0.8577882995871577,166777716.125
TO,Comercial,2,0.8918485003422197,168904848.08
TO,Comercial,3,0.9599734483651593,146547200.0
TO,Comercial,4,1.0232722730347652,204507110.40499997
TO,Comercial,5,1.0349568109698262,199106999.04500002
TO,Comercial,6,1.0320561357937292,196089306.125
TO,Comercial,7,0.9803577385721032,164723955.24499997
TO,Comercial,8,0.9940518351714822,147584790.125
TO,Comercial,9,1.0686123720843357,166790500.82
TO,Comercial,10,1.1025702763010559,171454458.42000005
TO,Comercial,11,1.061192463169931,189668973.77999997
TO,Comercial,12,0.9933198466082352,156342476.205
TO,Industrial,1,0.8532570806955739,422421991.21999997
TO,Industrial,2,0.8581402497437047,396385799.2200001
TO,Industrial,3,1.0093563023948458,645360293.7800001
TO,Industrial,4,1.0539930262881283,577843610.5799999
TO,Industrial,5,1.0669768204717582,765711497.78
TO,Industrial,6,1.0705339943340189,810373411.125
TO,Industrial,7,1.1005146359001687,929753442.0
TO,Industrial,8,1.068028849710135,881235765.6200001
TO,Industrial,9,1.0374805507007774,821089183.22
TO,Industrial,10,1.0252090679806316,787453581.005
TO,Industrial,11,0.9774294067376993,713260011.2450001
TO,Industrial,12,0.8790800150425568,577456128.0
TO,Outros,1,0.852554907162346,174884272.205
TO,Outros,2,0.844683905329254,185389065.67999998
TO,Outros,3,0.9322491840006378,223775474.57999998
TO,Outros,4,0.9917431647437172,271503253.125
TO,Outros,5,1.0231566488808532,282121507.22
TO,Outros,6,1.0504123307251676,303863017.205
TO,Outros,7,0.9951313443407436,252046152.0
TO,Outros,8,0.9857916203112935,235670734.08000004
TO,Outros,9,1.0933762877509898,316802206.12499994
TO,Outros,10,1.1402680801286589,353795960.17999995
TO,Outros,11,1.0845026300552485,322440315.12500006
TO,Outros,12,1.0061298965710908,266645633.805
TO,Residencial,1,0.870280423778416,
TO,Residencial,2,0.8518410679466726,
TO,Residencial,3,0.8761420540381825,
TO,Residencial,4,0.9614199966313363,
TO,Residencial,5,1.0110690768968056,
TO,Residencial,6,1.0178038150828876,
TO,Residencial,7,0.9697362719508512,
TO,Residencial,8,0.9994972897274788,
TO,Residencial,9,1.1295282278355974,
TO,Residencial,10,1.1516441137520843,
TO,Residencial,11,1.1354185991925825,
TO,Residencial,12,1.0256190631671058,
TO,Rural,1,0.8063453809922418,94891843.21999998
TO,Rural,2,0.8385164344726499,92087377.60500002
TO,Rural,3,0.9282406909637281,88276170.645
TO,Rural,4,0.9348935353322885,92519444.20500001
TO,Rural,5,0.9726148813994432,112786682.40499999
TO,Rural,6,1.063169570509164,151439165.78
TO,Rural,7,1.2174986697048094,200320128.0
TO,Rural,8,1.2960707322155858,212112025.44500002
TO,Rural,9,1.1549581792725738,161964002.0
TO,Rural,10,0.9903917694900463,112692081.91999997
TO,Rural,11,0.9679137882701784,127579545.845
TO,Rural,12,0.8293863673772913,93632770.125
